{
  "pickle": {
    "latency_p50": 0.1708000199869275,
    "latency_p95": 3.243700019083917,
    "latency_p99": 4.392999981064349,
    "latency_mean": 0.6512749992543831,
    "latency_min": 0.0023999600671231747,
    "latency_max": 4.392999981064349
  },
  "postgres": {
    "latency_p50": 0.8066000300459564,
    "latency_p95": 0.9720000089146197,
    "latency_p99": 2.986100036650896,
    "latency_mean": 0.8333779958775267,
    "latency_min": 0.7026000530458987,
    "latency_max": 2.986100036650896
  },
  "redis": {
    "latency_p50": 0.8302000351250172,
    "latency_p95": 1.0024000075645745,
    "latency_p99": 1.1341000208631158,
    "latency_mean": 0.8456290030153468,
    "latency_min": 0.7071000291034579,
    "latency_max": 1.1341000208631158
  }
}