{
  "metadata": {
    "evaluation_timestamp": "2025-11-04 05:16:55",
    "query_set_size": 100,
    "ground_truth": "Elasticsearch (esindex-v1-0)",
    "es_document_count": 50000
  },
  "indexers": {
    "TAAT (TF-IDF)": {
      "precision_at_5": {
        "mean": 0.322,
        "std": 0.3369213558087406,
        "min": 0.0,
        "max": 1.0
      },
      "precision_at_10": {
        "mean": 0.29600000000000004,
        "std": 0.29083328557783755,
        "min": 0.0,
        "max": 1.0
      },
      "recall_at_5": {
        "mean": 0.161,
        "std": 0.1684606779043703,
        "min": 0.0,
        "max": 0.5
      },
      "recall_at_10": {
        "mean": 0.29600000000000004,
        "std": 0.29083328557783755,
        "min": 0.0,
        "max": 1.0
      },
      "f1_at_5": {
        "mean": 0.21466666666666664,
        "std": 0.22461423720582704,
        "min": 0.0,
        "max": 0.6666666666666666
      },
      "f1_at_10": {
        "mean": 0.29600000000000004,
        "std": 0.29083328557783755,
        "min": 0.0,
        "max": 1.0
      },
      "average_precision": {
        "mean": 0.21167460317460315,
        "std": 0.29057968231840653,
        "min": 0.0,
        "max": 1.0
      },
      "reciprocal_rank": {
        "mean": 0.4582698412698412,
        "std": 0.3889380747968846,
        "min": 0.0,
        "max": 1.0
      },
      "ndcg_at_5": {
        "mean": 0.32323509572320164,
        "std": 0.34513600176085313,
        "min": 0.0,
        "max": 1.0
      },
      "ndcg_at_10": {
        "mean": 0.3054926638966647,
        "std": 0.3066862041117561,
        "min": 0.0,
        "max": 1.0
      },
      "map": 0.21167460317460315,
      "mrr": 0.4582698412698412
    },
    "TAAT (BM25)": {
      "precision_at_5": {
        "mean": 0.998,
        "std": 0.01989974874213239,
        "min": 0.8,
        "max": 1.0
      },
      "precision_at_10": {
        "mean": 0.9360000000000003,
        "std": 0.06858571279792898,
        "min": 0.7,
        "max": 1.0
      },
      "recall_at_5": {
        "mean": 0.499,
        "std": 0.009949874371066194,
        "min": 0.4,
        "max": 0.5
      },
      "recall_at_10": {
        "mean": 0.9360000000000003,
        "std": 0.06858571279792898,
        "min": 0.7,
        "max": 1.0
      },
      "f1_at_5": {
        "mean": 0.6653333333333334,
        "std": 0.013266499161421596,
        "min": 0.5333333333333333,
        "max": 0.6666666666666666
      },
      "f1_at_10": {
        "mean": 0.9360000000000003,
        "std": 0.06858571279792897,
        "min": 0.7,
        "max": 1.0
      },
      "average_precision": {
        "mean": 0.9304825396825399,
        "std": 0.07542314384432708,
        "min": 0.6732142857142857,
        "max": 1.0
      },
      "reciprocal_rank": {
        "mean": 1.0,
        "std": 0.0,
        "min": 1.0,
        "max": 1.0
      },
      "ndcg_at_5": {
        "mean": 0.9986879492248767,
        "std": 0.013054740380938032,
        "min": 0.8687949224876582,
        "max": 1.0
      },
      "ndcg_at_10": {
        "mean": 0.9573329202535531,
        "std": 0.046364376650415234,
        "min": 0.7917267193679839,
        "max": 1.0
      },
      "map": 0.9304825396825399,
      "mrr": 1.0
    },
    "DAAT (TF-IDF)": {
      "precision_at_5": {
        "mean": 0.322,
        "std": 0.3369213558087406,
        "min": 0.0,
        "max": 1.0
      },
      "precision_at_10": {
        "mean": 0.297,
        "std": 0.2917036167070954,
        "min": 0.0,
        "max": 1.0
      },
      "recall_at_5": {
        "mean": 0.161,
        "std": 0.1684606779043703,
        "min": 0.0,
        "max": 0.5
      },
      "recall_at_10": {
        "mean": 0.297,
        "std": 0.2917036167070954,
        "min": 0.0,
        "max": 1.0
      },
      "f1_at_5": {
        "mean": 0.21466666666666664,
        "std": 0.22461423720582704,
        "min": 0.0,
        "max": 0.6666666666666666
      },
      "f1_at_10": {
        "mean": 0.297,
        "std": 0.2917036167070954,
        "min": 0.0,
        "max": 1.0
      },
      "average_precision": {
        "mean": 0.2121912698412698,
        "std": 0.2911098270286803,
        "min": 0.0,
        "max": 1.0
      },
      "reciprocal_rank": {
        "mean": 0.4574365079365079,
        "std": 0.3892939808678456,
        "min": 0.0,
        "max": 1.0
      },
      "ndcg_at_5": {
        "mean": 0.3229999781952606,
        "std": 0.3452485864137183,
        "min": 0.0,
        "max": 1.0
      },
      "ndcg_at_10": {
        "mean": 0.30597629659085934,
        "std": 0.3074436043203157,
        "min": 0.0,
        "max": 1.0
      },
      "map": 0.2121912698412698,
      "mrr": 0.4574365079365079
    },
    "DAAT (BM25)": {
      "precision_at_5": {
        "mean": 0.998,
        "std": 0.01989974874213239,
        "min": 0.8,
        "max": 1.0
      },
      "precision_at_10": {
        "mean": 0.9360000000000003,
        "std": 0.06858571279792898,
        "min": 0.7,
        "max": 1.0
      },
      "recall_at_5": {
        "mean": 0.499,
        "std": 0.009949874371066194,
        "min": 0.4,
        "max": 0.5
      },
      "recall_at_10": {
        "mean": 0.9360000000000003,
        "std": 0.06858571279792898,
        "min": 0.7,
        "max": 1.0
      },
      "f1_at_5": {
        "mean": 0.6653333333333334,
        "std": 0.013266499161421596,
        "min": 0.5333333333333333,
        "max": 0.6666666666666666
      },
      "f1_at_10": {
        "mean": 0.9360000000000003,
        "std": 0.06858571279792897,
        "min": 0.7,
        "max": 1.0
      },
      "average_precision": {
        "mean": 0.9308075396825398,
        "std": 0.07478749127740818,
        "min": 0.6732142857142857,
        "max": 1.0
      },
      "reciprocal_rank": {
        "mean": 1.0,
        "std": 0.0,
        "min": 1.0,
        "max": 1.0
      },
      "ndcg_at_5": {
        "mean": 0.9986879492248767,
        "std": 0.013054740380938032,
        "min": 0.8687949224876582,
        "max": 1.0
      },
      "ndcg_at_10": {
        "mean": 0.9574303515925573,
        "std": 0.04617037006109877,
        "min": 0.7917267193679839,
        "max": 1.0
      },
      "map": 0.9308075396825398,
      "mrr": 1.0
    },
    "Baseline (i=0)": {
      "precision_at_5": {
        "mean": 0.002,
        "std": 0.01989974874213239,
        "min": 0.0,
        "max": 0.2
      },
      "precision_at_10": {
        "mean": 0.001,
        "std": 0.009949874371066194,
        "min": 0.0,
        "max": 0.1
      },
      "recall_at_5": {
        "mean": 0.001,
        "std": 0.009949874371066194,
        "min": 0.0,
        "max": 0.1
      },
      "recall_at_10": {
        "mean": 0.001,
        "std": 0.009949874371066194,
        "min": 0.0,
        "max": 0.1
      },
      "f1_at_5": {
        "mean": 0.0013333333333333333,
        "std": 0.013266499161421601,
        "min": 0.0,
        "max": 0.13333333333333333
      },
      "f1_at_10": {
        "mean": 0.0010000000000000002,
        "std": 0.009949874371066196,
        "min": 0.0,
        "max": 0.10000000000000002
      },
      "average_precision": {
        "mean": 0.001,
        "std": 0.009949874371066194,
        "min": 0.0,
        "max": 0.1
      },
      "reciprocal_rank": {
        "mean": 0.01,
        "std": 0.09949874371066199,
        "min": 0.0,
        "max": 1.0
      },
      "ndcg_at_5": {
        "mean": 0.0033916020527361614,
        "std": 0.03374601434137505,
        "min": 0.0,
        "max": 0.3391602052736161
      },
      "ndcg_at_10": {
        "mean": 0.0022009176629808015,
        "std": 0.0218988542477196,
        "min": 0.0,
        "max": 0.22009176629808017
      },
      "map": 0.001,
      "mrr": 0.01
    },
    "Skip Pointers (i=1)": {
      "precision_at_5": {
        "mean": 0.25399999999999995,
        "std": 0.35983885282164846,
        "min": 0.0,
        "max": 1.0
      },